{"cameraMode":{"drawMode":0,"name":"Shaded","section":"Shading Mode"},"sceneLighting":false,"audioPlay":false,"sceneViewState":{"m_AlwaysRefresh":false,"showFog":true,"showSkybox":false,"showFlares":true,"showImageEffects":true,"showParticleSystems":true,"showVisualEffectGraphs":true,"m_FxEnabled":true},"in2DMode":false,"pivot":{"x":0.10906410217285156,"y":7.045260429382324,"z":2.1013665199279787},"rotation":{"x":0.4027116596698761,"y":0.1039232388138771,"z":-0.04624739661812782,"w":0.9083795547485352},"size":15.990013122558594,"orthographic":false}